{
    "spacing": [
        0.296875,
        0.296875,
        0.599999189376831
    ],
    "mean": 0.39494267566127716,
    "std": 0.1625479963601062,
    "0.5": 0.14250400549324788,
    "99.5": 0.8462452124818798
}